ip,anonymityLevel,asn,country,isp,latency,org,port,protocols,responseTime,speed,updated_at,upTime,upTimeSuccessCount,upTimeTryCount
"93.48.228.247","elite","AS12874","IT","Fastweb SpA","86","Fastweb Internet NGA","4153","socks4","5087","1","2023-10-16T20:56:04.492Z","100","4421","4431"
"3.83.166.224","elite","AS14618","US","Amazon Technologies Inc.","87","AWS EC2 (us-east-1)","10580","socks5","3889","1","2023-10-16T20:55:53.382Z","20","876","4301"
"124.220.170.33","elite","AS45090","CN","China Internet Network Information Center","179","Tencent cloud computing (Beijing) Co., Ltd.","2080","socks4","817","1","2023-10-16T20:55:53.380Z","83","3652","4392"
"104.248.20.36","elite","AS14061","DE","DigitalOcean, LLC","24","DigitalOcean, LLC","9050","socks4","5492","1","2023-10-16T20:55:53.381Z","100","4379","4379"
"45.114.118.231","elite","AS134451","ID","CLDREU","288","N/A","203","socks4","5183","1","2023-10-16T20:55:53.384Z","97","4221","4371"
"103.121.89.75","elite","AS135967","VN","Cau Giay Branch of Bach Kim Network solutions Join stock company","201","BKNS-CG","39267","socks5","4603","1","2023-10-16T20:55:53.383Z","96","4200","4385"
"217.219.73.251","elite","AS58224","IR","Area","105","N/A","1080","socks4","4998","1","2023-10-16T20:55:42.478Z","74","3198","4338"
"101.109.80.117","elite","AS23969","TH","TOT Public Company Limited","191","TOT Public Company Limited","4145","socks4","3799","1","2023-10-16T20:55:42.475Z","46","2030","4408"
"106.75.171.132","elite","AS136958","CN","UCLOUD","294","Shanghai UCloud Information Technology Company Limited","3000","socks5","4900","1","2023-10-16T20:55:42.477Z","80","3552","4436"
"36.90.63.55","elite","AS7713","ID","PT. Telekomunikasi Indonesia","197","Telekomunikasi Indonesia","4145","socks4","5292","1","2023-10-16T20:55:42.476Z","79","3494","4402"
"193.107.169.222","elite","AS50648","UA","PE UAinet","92","PE UAinet","5678","socks4","5102","1","2023-10-16T20:55:42.476Z","99","4373","4400"
"95.213.154.54","elite","AS49505","RU","OOO \"Network of data-centers \"Selectel\"","100","N/A","31337","socks5","1501","1","2023-10-16T20:55:31.489Z","100","4437","4439"
"104.17.132.79","elite","AS13335","US","Cloudflare, Inc.","2","Cloudflare, Inc.","80","socks4","5093","1","2023-10-16T20:55:31.574Z","100","4269","4269"
"195.93.200.140","elite","AS44335","DE","nocyo GmbH","14","nocyo GmbH","80","socks4","4606","1","2023-10-16T20:55:31.576Z","83","3540","4259"
"85.92.183.97","elite","AS199335","GB","Talk Straight Ltd.","10","N/A","4145","socks4","4002","1","2023-10-16T20:55:31.585Z","100","4378","4388"
"203.6.226.172","elite","AS58519","CN","Cloud Computing Corporation","296","Chinanet GD","8888","socks4","4803","1","2023-10-16T20:55:31.575Z","72","3191","4414"
"182.253.142.7","elite","AS17451","ID","Biznet Networks","194","MetroNET","4145","socks4","4708","1","2023-10-16T20:55:20.582Z","85","3732","4368"
"43.153.96.130","elite","AS132203","US","Shenzhen Tencent Computer Systems Company Limited","198","Tencent Cloud Computing","443","socks4","4304","1","2023-10-16T20:55:20.585Z","42","1853","4372"
"23.88.124.86","elite","AS24940","DE","Hetzner Online GmbH","81","Hetzner","80","socks4","4795","1","2023-10-16T20:55:20.586Z","100","4311","4312"
"178.212.53.3","elite","AS197025","PL","Lubuskie Sieci Swiatlowodowe Sp. z o. o.","80","Lubuskie Sieci Swiatlowodowe Sp. z o. o","1080","socks4","4895","1","2023-10-16T20:55:20.677Z","99","4342","4384"
"8.39.228.209","elite","AS3356","US","Level 3 Communications, Inc.","195","Level 3, LLC","39593","socks4","312","3","2023-10-16T20:55:20.583Z","100","4336","4350"
"183.88.76.99","elite","AS45629","TH","Triple T Broadband Public Company Limited","211","Triple T Broadband Public Company Limited","8080","socks4","5092","1","2023-10-16T20:55:09.185Z","86","3768","4371"
"186.251.255.25","elite","AS267513","BR","Seanet Telecom Carazinho Eireli","284","Seanet Telecom Carazinho Eireli","31337","socks4","4916","1","2023-10-16T20:55:09.185Z","99","4339","4362"
"198.11.179.15","elite","AS45102","US","Alibaba (US) Technology Co., Ltd.","199","Alibaba.com LLC","8080","socks4","4505","1","2023-10-16T20:55:09.183Z","100","4337","4344"
"192.154.246.96","elite","AS64200","US","Vivid-hosting LLC","193","Vivid-hosting LLC","9000","socks5","4995","1","2023-10-16T20:55:09.186Z","100","4345","4354"
"120.50.40.184","elite","AS17547","SG","M1 NET LTD","174","M1 NET LTD","3128","socks4","5004","1","2023-10-16T20:54:57.077Z","100","4318","4326"
"43.153.73.106","elite","AS132203","US","Shenzhen Tencent Computer Systems Company Limited","153","Tencent Cloud Computing","443","socks5","4404","1","2023-10-16T20:54:57.076Z","75","3318","4405"
"185.169.181.16","elite","AS34984","TR","Ates Dc","57","Ibrahim MALA trading as Ates Dc","4145","socks4","4898","1","2023-10-16T20:54:57.275Z","100","4300","4301"
"188.255.244.53","elite","AS52116","RS","Orion Telekom ISP IP Network in Subotica","84","Orion Telekom Tim d.o.o.Beograd","1080","socks4","2797","1","2023-10-16T20:54:57.075Z","100","4278","4294"
"201.159.15.133","elite","AS263778","AR","Coop. Serv. Pub. Limit. Tres Arroyos, CELTA","299","Coop. Serv. Pub. Limit. Tres Arroyos, CELTA","5678","socks4","2304","1","2023-10-16T20:54:57.077Z","96","4272","4436"
"31.42.57.129","elite","AS205318","UA","Limited Liability Company AVATOR ISP","53","\"Merlin-Telekom\" LLC","3699","socks4","2790","1","2023-10-16T20:54:57.274Z","100","4410","4412"
"173.236.182.83","elite","AS26347","US","New Dream Network, LLC","79","New Dream Network, LLC","12873","socks5","5014","2","2023-10-16T20:54:56.995Z","100","4413","4418"
"187.11.232.71","elite","AS27699","BR","Vivo","200","TELEF�NICA BRASIL S.A","4153","socks4","4602","1","2023-10-16T20:54:46.080Z","100","4431","4440"
"72.209.45.119","elite","AS22773","US","Cox Communications Inc.","95","Cox Communications","3128","socks4","3194","1","2023-10-16T20:54:46.077Z","100","4402","4406"
"119.197.0.17","elite","AS4766","KR","Korea Telecom","295","Kornet","4145","socks4","5012","1","2023-10-16T20:54:46.074Z","100","4396","4410"
"181.66.37.134","elite","AS6147","PE","Telefonica del Peru S.A.A.","206","Telefonica del Peru S.A.A","4153","socks4","3910","82","2023-10-16T20:54:46.078Z","65","2775","4293"
"43.134.164.228","elite","AS132203","SG","Aceville Pte.ltd","387","N/A","443","socks5","5198","1","2023-10-16T20:54:46.080Z","86","3794","4429"
"114.242.125.237","elite","AS4808","CN","China Unicom Beijing Province Network","191","N/A","1080","socks5","3489","1","2023-10-16T20:54:46.077Z","84","3700","4420"
"94.240.198.202","elite","AS16010","GE","Caucasus Online LLC","75","Caucasus Online LLC","5678","socks4","4994","1","2023-10-16T20:54:46.079Z","99","4371","4405"
"100.2.109.83","elite","AS701","US","Verizon Business","96","Verizon Online LLC","8080","socks5","164","1","2023-10-16T20:54:35.083Z","100","4321","4334"
"202.159.121.225","elite","AS9340","ID","PT IndoInternet","181","N/A","443","socks4","5004","2","2023-10-16T20:54:35.085Z","100","4347","4351"
"61.7.138.60","elite","AS131090","TH","CAT Telecom Public Company Limited","280","National Telecom Public Company Limited","4145","socks4","4308","1","2023-10-16T20:54:35.082Z","57","2483","4345"
"43.241.64.110","elite","AS134033","IN","Mithril Telecommunications Private Limited","197","Mithril Telecommunications Pvt. Ltd.","5678","socks4","106","1","2023-10-16T20:54:35.083Z","55","2465","4456"
"103.35.111.101","elite","AS23991","BD","Ranks ITT","183","Ranks ITT Ltd.","4145","socks4","4904","1","2023-10-16T20:54:35.084Z","100","4337","4353"
"193.59.26.116","elite","AS207684","PL","Bajtnet Spolka Z Ograniczona Odpowiedzialnoscia","198","BAJTNET Sp. z o.o.","4153","socks4","4103","1","2023-10-16T20:54:23.580Z","94","4017","4281"
"121.13.252.60","elite","AS4134","CN","Chinanet","206","Chinanet GD","61401","socks4","1988","1","2023-10-16T20:54:23.580Z","82","3531","4282"
"150.230.62.147","elite","AS31898","JP","Oracle Corporation","299","Oracle Cloud Infrastructure (ap-osaka-1)","2080","socks5","3796","1","2023-10-16T20:54:23.579Z","76","3321","4379"
"190.110.204.194","elite","AS22724","EC","Puntonet S.A.","299","Puntonet S.A","999","socks4","4391","1","2023-10-16T20:54:23.578Z","99","4408","4456"
"5.39.19.154","elite","AS16276","FR","OVH ISP","95","Caunes Sebastien","33427","socks4","3797","1","2023-10-16T20:54:23.591Z","100","4405","4406"
"194.181.82.37","elite","AS8308","PL","NASK","94","N/A","7497","socks5","5103","1","2023-10-16T20:54:23.581Z","100","4365","4370"
"85.113.7.98","elite","AS12997","KG","OJSC Kyrgyztelecom","103","N/A","5678","socks4","535","1","2023-10-16T20:54:23.579Z","91","3982","4387"
"217.115.115.247","elite","AS30900","IE","Sternforth Ltd. trading as WebWorld","81","Webworld","56792","socks5","4209","1","2023-10-16T20:54:12.183Z","95","4182","4409"
"103.69.20.38","elite","AS135724","IN","Allnet Broadband Network PVT LTD","186","Allnet Broadband Network Pvt Ltd","4145","socks4","5096","1","2023-10-16T20:54:12.086Z","100","4293","4299"
"122.152.53.25","elite","AS38562","BD","Innovative Online Ltd.","198","Innovative Online Ltd","5678","socks4","4803","1","2023-10-16T20:54:12.084Z","95","4204","4439"
"157.185.161.100","elite","AS54994","CA","Meteverse Limited.","144","Meteverse Limited","26589","socks5","4797","1","2023-10-16T20:54:12.085Z","100","4163","4170"
"103.127.52.132","elite","AS17995","ID","PT iForte Global Internet","752","Solusinet","5678","socks4","5089","1","2023-10-16T20:54:00.775Z","89","3895","4385"
"64.90.54.17","elite","AS26347","US","New Dream Network, LLC","199","New Dream Network, LLC","63770","socks5","5005","1","2023-10-16T20:54:00.777Z","100","4369","4373"
"103.82.8.237","elite","AS136156","BD","FNF Online","200","N/A","4153","socks4","5109","1","2023-10-16T20:54:00.777Z","68","2990","4407"
"54.38.195.161","elite","AS16276","PL","OVH SAS","86","OVH Sp. z o. o","63851","socks5","4105","1","2023-10-16T20:54:00.785Z","100","4377","4380"
"162.12.217.9","elite","AS204902","FR","Weelax","199","XIWO","3629","socks4","5186","1","2023-10-16T20:53:49.379Z","99","4325","4389"
"95.79.111.39","elite","AS42682","RU","CJSC \"ER-Telecom Holding\" Nizhny Novgorod branch","55","JSC \"ER-Telecom Holding\" Nizhny Novgorod","1080","socks5","5195","84","2023-10-16T20:53:49.378Z","86","3716","4314"
"176.115.14.32","elite","AS58350","PL","PHU Classcom Sp. z o.o.","41","PHU Classcom Sp. z o.o","5678","socks4","2097","1","2023-10-16T20:53:49.390Z","100","4433","4450"
"23.231.34.48","elite","AS62904","US","Eonix Corporation","192","Eonix Corporation","80","socks4","4697","1","2023-10-16T20:53:49.377Z","99","4336","4380"
"128.14.226.130","elite","AS135377","TW","Zenlayer Inc","295","UCLOUD","60080","socks4","4897","1","2023-10-16T20:53:49.375Z","100","4355","4361"
"104.27.26.29","elite","AS13335","CA","Cloudflare, Inc.","2","Cloudflare, Inc.","80","socks4","4697","1","2023-10-16T20:53:49.376Z","100","4383","4383"
"188.138.139.216","elite","AS31252","MD","SC STARNET SRL","44","SC Starnet SRL","4145","socks4","4312","1","2023-10-16T20:53:49.376Z","100","4460","4469"
"51.81.31.168","elite","AS16276","US","OVH SAS","80","OVH US LLC","63897","socks5","4803","1","2023-10-16T20:53:49.389Z","56","2454","4355"
"103.60.187.1","elite","AS135729","IN","Digital Telco Network India Pvt. Ltd.","181","Digital Telco Network India Pvt. Ltd.","60189","socks4","3897","1","2023-10-16T20:53:38.280Z","99","4369","4398"
"88.12.54.146","elite","AS3352","ES","Telefonica de Espana SAU","34","RIMA (Red IP Multi Acceso)","1081","socks4","5098","82","2023-10-16T20:53:38.293Z","95","4231","4452"
"180.210.222.209","elite","N/A","US","Ipxo LLC","14","Ipxo","1080","socks4","176","1","2023-10-16T20:53:38.285Z","57","2502","4365"
"41.65.236.52","elite","AS36992","EG","Etisalat Misr","193","Nile Online","1976","socks5","5006","1","2023-10-16T20:53:26.881Z","96","4208","4377"
"43.153.16.230","elite","AS132203","US","Shenzhen Tencent Computer Systems Company Limited","189","Tencent Cloud Computing","443","socks4","4297","1","2023-10-16T20:53:26.880Z","79","3416","4345"
"188.166.220.186","elite","AS14061","SG","DigitalOcean, LLC","191","Digitalocean","50001","socks5","5199","1","2023-10-16T20:53:26.880Z","100","4423","4423"
"106.110.215.121","elite","AS4134","CN","Chinanet","290","Chinanet GD","2829","socks4","4610","1","2023-10-16T20:53:26.878Z","59","2539","4300"
"203.176.141.166","elite","AS38235","KH","Angkor Data Communication","193","Mekongnet","4145","socks4","3698","1","2023-10-16T20:53:26.879Z","100","4401","4413"
"43.154.159.144","elite","AS132203","HK","Shenzhen Tencent Computer Systems Company Limited","299","Tencent Cloud Computing","1080","socks5","4709","1","2023-10-16T20:53:15.686Z","78","3470","4436"
"104.16.105.15","elite","AS13335","CA","Cloudflare, Inc.","3","Cloudflare, Inc.","80","socks4","4996","1","2023-10-16T20:53:15.688Z","100","4440","4441"
"115.127.75.27","elite","AS24342","BD","BRACNet Limited","198","bracNet","7777","socks4","304","4","2023-10-16T20:53:04.285Z","98","4270","4375"
"112.87.5.245","elite","AS4837","CN","China Unicom CHINA169 Jiangsu Province Network","217","N/A","38801","socks4","4803","1","2023-10-16T20:53:04.284Z","46","2025","4397"
"180.210.222.221","elite","N/A","US","Ipxo LLC","14","Ipxo","1080","socks4","4489","1","2023-10-16T20:53:04.289Z","20","864","4371"
"188.255.244.137","elite","AS52116","RS","Orion Telekom ISP IP Network in Subotica","35","Orion Telekom Tim d.o.o.Beograd","1080","socks4","5288","1","2023-10-16T20:53:04.287Z","100","4392","4410"
"45.196.148.191","elite","AS7018","US","AT&T Services, Inc.","86","AQUA Networks Limited","5432","socks4","4695","1","2023-10-16T20:53:04.288Z","98","4298","4369"
"202.150.148.218","elite","AS23949","ID","PT Comtronics Systems","199","N/A","61924","socks4","1405","1","2023-10-16T20:53:04.285Z","99","4355","4420"
"82.117.215.98","elite","AS31042","RS","Serbia BroadBand-Srpske Kablovske mreze d.o.o.","27","SBB Zona Wifi","3629","socks4","4793","1","2023-10-16T20:53:04.377Z","39","1693","4388"
"103.235.198.17","elite","AS4007","NP","CCNEP","184","N/A","5678","socks4","4992","1","2023-10-16T20:52:53.082Z","45","1966","4347"
"82.103.116.126","elite","AS8717","BG","A1 Bulgaria EAD","44","A1 Bulgaria EAD","4153","socks4","2309","1","2023-10-16T20:52:53.086Z","100","4389","4399"
"190.109.72.33","elite","AS264231","BR","RG.COM - INFORMATICA & COMUNICACAO LTDA - ME","185","RG.COM - INFORMATICA & COMUNICACAO LTDA - ME","33633","socks4","4499","1","2023-10-16T20:52:53.082Z","99","4333","4374"
"169.255.139.5","elite","AS36892","SS","IPTEC South Sudan","211","Iptec LTD","60279","socks4","5094","1","2023-10-16T20:52:41.390Z","96","4150","4333"
"46.101.5.73","elite","AS14061","GB","DigitalOcean, LLC","14","Digitalocean","46296","socks4","4713","1","2023-10-16T20:52:41.388Z","100","4439","4440"
"181.129.186.130","elite","AS13489","CO","EPM Telecomunicaciones S.A. E.S.P.","630","EPM Telecomunicaciones S.A. E.S.P","5678","socks5","4895","1","2023-10-16T20:52:41.477Z","99","4335","4381"
"89.161.89.161","elite","AS39375","PL","Telekomunikacja Podlasie sp. z o.o.","94","TPODLASIE CATV Network","5678","socks4","4604","1","2023-10-16T20:52:41.389Z","100","4398","4419"
"51.83.252.13","elite","AS16276","PL","OVH SAS","81","OVH Sp. z o. o","8888","socks4","5087","1","2023-10-16T20:52:41.487Z","100","4337","4337"
"103.78.54.67","elite","AS135654","BD","Internet @ Home Limited","199","N/A","4153","socks4","4692","1","2023-10-16T20:52:28.789Z","94","4142","4414"
"46.227.37.149","elite","AS51155","PL","Telemedian - TB Telecom","38","Telemedian","1088","socks4","4994","1","2023-10-16T20:52:28.890Z","100","4421","4433"
"136.243.88.67","elite","AS24940","DE","Hetzner Online GmbH","22","Hetzner","14152","socks4","1589","1","2023-10-16T20:52:28.875Z","100","4412","4413"
"104.20.198.49","elite","AS13335","CA","Cloudflare, Inc.","3","Cloudflare, Inc.","80","socks4","2097","1","2023-10-16T20:52:28.877Z","100","4382","4382"
"62.73.127.98","elite","AS8866","BG","Vivacom Bulgaria EAD","52","ET Velin Nikolov Minchev","10801","socks4","2598","1","2023-10-16T20:52:28.874Z","100","4374","4386"
"110.78.182.221","elite","AS131090","TH","CAT-BB","297","N/A","4145","socks4","93","1","2023-10-16T20:52:17.679Z","88","3827","4351"
"119.13.125.238","elite","AS136907","HK","Huawei International Pte. LTD","310","N/A","1080","socks5","4492","1","2023-10-16T20:52:17.680Z","97","4261","4403"
"46.28.72.70","elite","AS44285","IR","Sefroyek Pardaz Engineering Co. LTD","107","Sefroyek Pardaz Engineering Company","4153","socks4","4701","1","2023-10-16T20:52:17.678Z","98","4271","4375"
"211.137.33.22","elite","AS56044","CN","China Mobile communications corporation","301","China Mobile Communications Corporation","80","socks5","4904","1","2023-10-16T20:52:17.682Z","86","3733","4366"
"47.112.157.97","elite","AS37963","CN","Addresses CNNIC","214","Aliyun Computing Co., LTD","8060","socks5","4900","1","2023-10-16T20:52:17.679Z","83","3545","4282"
"110.78.186.153","elite","AS131090","TH","CAT-BB","298","N/A","4145","socks4","2694","1","2023-10-16T20:52:06.578Z","74","3237","4353"
"172.67.181.144","elite","AS13335","CA","Cloudflare, Inc.","82","Cloudflare, Inc.","80","socks5","4605","1","2023-10-16T20:52:06.576Z","100","4401","4401"
"193.84.184.25","elite","AS35036","LV","RD Holding \"Mira-1\"","41","Mira 1","5678","socks4","5187","1","2023-10-16T20:52:06.494Z","86","3846","4447"
"185.162.128.135","elite","AS14576","NL","Hosting purposes in Netherlands","13","N/A","9057","socks5","986","1","2023-10-16T20:51:55.281Z","86","3825","4427"
"5.9.154.177","elite","AS24940","DE","Hetzner Online GmbH","23","Hetzner","30000","socks5","5100","1","2023-10-16T20:51:55.184Z","100","4314","4315"
"91.90.16.211","elite","AS13307","UA","SKIF","45","SKIF ISP Ltd.","1080","socks4","5096","1","2023-10-16T20:51:55.187Z","96","4208","4394"
"123.59.100.243","elite","AS23724","CN","CloudVsp.Inc","209","N/A","1080","socks4","4105","1","2023-10-16T20:51:55.184Z","81","3588","4433"
"206.42.40.0","elite","AS28126","BR","Brisanet Prestacao De Servicos De Internet Ltda","192","AGIS","5678","socks4","300","1","2023-10-16T20:51:55.182Z","83","3544","4282"
"43.153.90.69","elite","AS132203","US","Shenzhen Tencent Computer Systems Company Limited","151","Tencent Cloud Computing","443","socks5","5091","1","2023-10-16T20:51:55.188Z","74","3229","4355"
"197.234.13.88","elite","AS36902","SC","Intelvision","190","Intelvision Ltd","4145","socks4","4814","1","2023-10-16T20:51:43.975Z","99","4341","4365"
"188.138.179.13","elite","AS31252","MD","StarNet Solutii SRL","45","SC Starnet SRL","4153","socks4","4702","1","2023-10-16T20:51:43.978Z","85","3754","4404"
"103.235.66.198","elite","AS63490","ID","PT Artha Media Lintas Nusa","179","N/A","5678","socks4","5104","1","2023-10-16T20:51:43.894Z","99","4339","4389"
"104.16.108.42","elite","AS13335","CA","Cloudflare, Inc.","2","Cloudflare, Inc.","80","socks4","4893","1","2023-10-16T20:51:43.975Z","100","4356","4357"
"45.233.0.1","elite","AS267303","BR","Centro Oeste Provedor","296","Centro Oeste Provedor","26730","socks4","4587","1","2023-10-16T20:51:32.485Z","99","4428","4458"
"203.170.75.14","elite","AS17539","PK","NetSol","148","N/A","4153","socks4","4489","1","2023-10-16T20:51:32.486Z","88","3874","4405"
"103.77.227.161","elite","AS64298","ID","UPN Veteran Surabaya","191","UPN Veteran Surabaya","4153","socks4","4905","1","2023-10-16T20:51:32.483Z","94","4180","4433"
"222.95.242.184","elite","AS4134","CN","Chinanet","188","Chinanet JS","23456","socks5","4508","1","2023-10-16T20:51:21.277Z","53","2316","4353"
"110.74.208.153","elite","AS38901","KH","EZECOM limited","280","EZECOM limited","21776","socks4","4592","1","2023-10-16T20:51:21.189Z","88","3792","4327"
"115.127.103.82","elite","AS24342","BD","BRACNet Limited","212","BRACNet Limited","4673","socks4","4700","1","2023-10-16T20:51:21.276Z","90","3903","4358"
"58.35.208.107","elite","AS4812","CN","China Telecom (Group)","182","Chinanet SH","4812","socks4","4215","2","2023-10-16T20:51:21.277Z","71","3086","4373"
"202.52.237.117","elite","AS4613","NP","Mercantile Office Systems","170","Mercantile Communications Pvt Ltd","8080","socks4","2912","1","2023-10-16T20:51:21.190Z","99","4270","4306"
"187.191.53.155","elite","AS22884","MX","Total Play Telecomunicaciones SA De CV","189","Total Play Telecomunicaciones SA De CV","7497","socks5","4593","1","2023-10-16T20:51:21.276Z","99","4367","4397"
"157.245.62.1","elite","AS14061","SG","DigitalOcean, LLC","178","DigitalOcean, LLC","9050","socks4","4791","1","2023-10-16T20:51:21.274Z","100","4374","4390"
"110.78.153.8","elite","AS131090","TH","CAT-BB","284","N/A","4145","socks4","3601","1","2023-10-16T20:51:21.191Z","84","3608","4274"
"65.21.131.87","elite","AS24940","FI","Hetzner Online GmbH","37","Hetzner","14141","socks4","4104","1","2023-10-16T20:51:21.286Z","100","4245","4247"
"179.107.57.30","elite","AS262346","BR","FP Telecomunicacoes Ltda","213","FP Telecomunicacoes Ltda","4145","socks4","4887","1","2023-10-16T20:51:09.894Z","76","3239","4273"
"101.43.191.233","elite","AS45090","CN","Shenzhen Tencent Computer Systems Company Limited","160","Tencent Cloud Computing (Beijing) Co., Ltd","2080","socks5","5011","1","2023-10-16T20:51:09.974Z","82","3564","4333"
"202.124.46.100","elite","AS9902","KH","NeocomISP Limited","184","NeocomISP Limited","4145","socks4","2892","1","2023-10-16T20:51:09.975Z","99","4393","4427"
"183.89.176.143","elite","AS45629","TH","Triple T Broadband Public Company Limited","190","Triple T Broadband Public Company Limited","5678","socks4","5099","1","2023-10-16T20:50:58.576Z","93","4035","4338"
"200.115.188.52","elite","AS52422","HN","Velco Globalnetwork","187","Velco Globalnetwork","8080","socks4","4607","1","2023-10-16T20:50:58.490Z","99","4321","4370"
"124.227.14.147","elite","AS4134","CN","Chinanet","284","Chinanet GX","7302","socks5","2684","1","2023-10-16T20:50:58.576Z","82","3637","4415"
"189.126.14.226","elite","AS270316","BR","NET NOVO TEMPO","281","NET NOVO TEMPO","1080","socks4","4509","1","2023-10-16T20:50:58.575Z","100","4418","4438"
"106.75.174.172","elite","AS136958","CN","UCLOUD","213","Shanghai UCloud Information Technology Company Limited","999","socks5","2195","1","2023-10-16T20:50:58.575Z","82","3539","4329"
"106.242.5.206","elite","AS3786","KR","LG DACOM Corporation","285","Boranet","4145","socks4","4487","1","2023-10-16T20:50:58.490Z","100","4412","4419"
"45.8.107.142","elite","AS209242","DE","Cloudflare London, LLC","85","Araxio Development N.V","80","socks4","3608","1","2023-10-16T20:50:47.380Z","100","4390","4390"
"103.59.203.197","elite","AS134014","IN","NET 4 U SERVICES PVT LTD","143","NET 4 U Services PVT LTD","4145","socks4","3808","1","2023-10-16T20:50:47.380Z","99","4428","4464"
"103.47.93.214","elite","AS134058","IN","Broban Internet Services Pvt.ltd","190","Broban  PVT Ltd.","1080","socks4","4901","1","2023-10-16T20:50:47.388Z","99","4386","4428"
"61.130.151.230","elite","AS4134","CN","Chinanet","187","N/A","7302","socks5","4615","1","2023-10-16T20:50:47.386Z","85","3598","4242"
"112.54.33.47","elite","AS9808","CN","China Mobile","303","China Mobile Communications Corporation","7302","socks5","3690","1","2023-10-16T20:50:47.386Z","46","1977","4341"
"109.94.182.128","elite","AS44895","RU","MTS PJSC","92","Antenna-Garant","4145","socks4","3408","1","2023-10-16T20:50:47.384Z","94","4137","4421"
"78.40.104.5","elite","AS49628","GE","TrialetiNet","60","Trialeti-Neti LLC","1080","socks4","4097","1","2023-10-16T20:50:47.387Z","100","4407","4412"
"187.85.157.30","elite","AS53062","BR","Ggnet Telecom Backbone","209","Ggnet Telecom Backbone","5678","socks4","4395","1","2023-10-16T20:50:36.182Z","99","4268","4324"
"186.224.225.98","elite","AS53171","BR","Path Telecom S.A.","282","Path Telecom S.A","4145","socks4","4805","80","2023-10-16T20:50:36.182Z","100","4397","4413"
"27.191.60.153","elite","AS4134","CN","Chinanet","210","Chinanet HE","3256","socks4","4705","1","2023-10-16T20:50:36.181Z","79","3479","4428"
"142.93.250.71","elite","AS14061","US","DigitalOcean, LLC","85","DigitalOcean, LLC","7497","socks5","4998","1","2023-10-16T20:50:24.575Z","76","3328","4364"
"194.195.240.60","elite","AS63949","DE","Akamai Technologies, Inc.","11","Linode","54210","socks4","3403","1","2023-10-16T20:50:24.479Z","85","3662","4295"
"159.138.43.96","elite","AS136907","HK","Huawei International Pte. Ltd.","310","N/A","1080","socks5","4789","1","2023-10-16T20:50:24.481Z","97","4278","4430"
"62.112.10.227","elite","AS49981","NL","WorldStream B.V.","81","Worldstream","30105","socks4","904","3","2023-10-16T20:50:24.481Z","68","2980","4351"
"157.245.140.55","elite","AS14061","US","DigitalOcean, LLC","85","DigitalOcean, LLC","35965","socks5","4800","3","2023-10-16T20:50:24.480Z","99","4358","4418"
"213.136.69.153","elite","AS51167","DE","Contabo GmbH","16","Contabo GmbH","63791","socks5","4897","1","2023-10-16T20:50:24.576Z","100","4411","4413"
"177.38.182.166","elite","AS52971","BR","Micks Telecom Eireli","300","Prefeitura Municipal de Guanambi","5678","socks4","5094","1","2023-10-16T20:50:24.482Z","99","4384","4414"
"103.49.242.193","elite","AS133720","IN","Zess Networks Private Limited","199","Zess Networks Private Limited","5678","socks4","4802","1","2023-10-16T20:50:13.275Z","98","4252","4332"
"197.234.13.61","elite","AS36902","SC","Intelvision","177","Intelvision Ltd","36902","socks5","4499","2","2023-10-16T20:50:13.276Z","100","4316","4334"
"181.3.75.194","elite","AS7303","AR","Telecom Argentina S.A.","1981","Telecom Personal Bs","1080","socks5","5088","1","2023-10-16T20:50:13.277Z","41","1764","4342"
"199.188.93.214","elite","AS64200","US","Vivid-hosting LLC","194","Vivid-hosting LLC","9000","socks5","360","1","2023-10-16T20:50:13.278Z","100","4450","4455"
"202.159.35.65","elite","AS9340","ID","PT IndoInternet","185","N/A","443","socks4","4009","1","2023-10-16T20:50:01.375Z","100","4349","4359"
"140.250.146.239","elite","AS4134","CN","Chinanet","223","Chinanet SD","1080","socks5","4999","1","2023-10-16T20:50:01.377Z","79","3506","4434"
"185.233.202.110","elite","AS200740","NL","First Server Limited","11","Firstbyte Hosting","8088","socks4","4600","1","2023-10-16T20:50:01.377Z","99","4323","4367"
"194.233.69.126","elite","AS141995","SG","Contabo Asia Private Limited","183","Contabo Asia Private Limited","443","socks4","4804","1","2023-10-16T20:50:01.291Z","99","4387","4422"
"139.177.177.45","elite","AS63949","DE","Akamai Technologies, Inc.","11","Linode","30927","socks5","5009","1","2023-10-16T20:49:49.984Z","89","3862","4340"
"5.8.240.90","elite","AS3178","IQ","FastLine Communication And Information Technology","75","FastLine Communication And Information Technology Ltd","4153","socks4","4488","1","2023-10-16T20:49:49.985Z","99","4409","4457"
"45.70.237.134","elite","AS52468","EC","Ufinet Panama S.A.","165","Negocios Y Telefonia Nedetel S.A","4145","socks4","5004","1","2023-10-16T20:49:49.983Z","100","4378","4394"
"125.209.114.38","elite","AS9260","PK","Multinet 125-114/24","1191","Multinet Broadband","5678","socks4","5010","1","2023-10-16T20:49:49.983Z","95","4053","4257"
"113.160.203.118","elite","AS45899","VN","VietNam Post and Telecom Corporation","290","Vietnam Posts and Telecommunications Group","5678","socks4","1586","1","2023-10-16T20:49:38.486Z","98","4270","4338"
"203.205.35.201","elite","AS45903","VN","CMC Telecom Infrastructure Company","294","CMC Telecom Infrastructure Company","4145","socks4","5104","1","2023-10-16T20:49:38.485Z","100","4330","4346"
"165.225.216.80","elite","AS22616","US","ZSCALER, INC.","110","Zscaler, Inc","10605","socks4","4992","1","2023-10-16T20:49:38.485Z","91","3981","4362"
"202.183.24.38","elite","AS131736","ID","BIGNET","784","N/A","5678","socks4","3504","1","2023-10-16T20:49:38.480Z","66","2877","4378"
"43.153.81.168","elite","AS132203","US","Shenzhen Tencent Computer Systems Company Limited","182","Tencent Cloud Computing","443","socks4","1890","1","2023-10-16T20:49:38.482Z","92","4026","4378"
"104.20.75.31","elite","AS13335","US","Cloudflare, Inc.","2","Cloudflare, Inc.","80","socks4","5108","1","2023-10-16T20:49:38.482Z","100","4411","4411"
"81.12.104.38","elite","AS42337","IR","Respina Networks & Beyond PJSC","179","Respina Networks","3629","socks4","5304","1","2023-10-16T20:49:27.376Z","99","4338","4390"
"45.81.225.94","elite","AS204601","NL","Zomro B.V.","11","On-line Data LTD","30001","socks5","4405","1","2023-10-16T20:49:27.475Z","11","467","4347"
"115.127.121.194","elite","AS24342","BD","BRACNet Limited","293","BRACNet Limited","5678","socks4","4692","1","2023-10-16T20:49:27.381Z","99","4359","4407"
"186.224.225.26","elite","AS53171","BR","Path Telecom S.A.","206","Path Telecom S.A","42648","socks4","5196","1","2023-10-16T20:49:27.380Z","100","4420","4431"
"51.89.45.60","elite","AS16276","GB","OVH SAS","11","Lab Vibrant","44469","socks5","5093","1","2023-10-16T20:49:27.476Z","100","4367","4368"
"93.171.224.51","elite","AS211570","UA","PE TV and Radio Company Kentavr-TV","49","PE TV and Radio Company Kentavr-TV","4153","socks4","4791","1","2023-10-16T20:49:27.378Z","100","4363","4384"
"51.210.240.92","elite","AS16276","FR","OVH SAS","81","OVH","19144","socks5","5014","1","2023-10-16T20:49:27.474Z","100","4370","4378"
"43.157.42.203","elite","AS132203","DE","Shenzhen Tencent Computer Systems Company Limited","12","Tencent Cloud Computing","443","socks4","2402","80","2023-10-16T20:49:15.976Z","39","1706","4348"
"82.115.18.179","elite","AS212552","DE","BitCommand LLC","19","BitCommand LLC","1080","socks5","4487","1","2023-10-16T20:49:15.889Z","99","4295","4343"
"186.208.19.61","elite","AS53149","BR","Camaquanet Servico De Comunicacao Multimidia Eirel","218","Camaquanet Servicos De Comunicacao Multimidia Ltda","5678","socks4","1705","1","2023-10-16T20:49:15.889Z","95","4080","4304"
"190.106.203.86","elite","AS23243","GT","Comcel Guatemala S.A","142","Fundacion Vision Mundial Guatemala","5678","socks4","4603","1","2023-10-16T20:49:15.976Z","100","4415","4433"
"195.62.52.164","elite","AS44812","RU","IP SERVER LLC","48","IP SERVER LLC","29520","socks4","4991","1","2023-10-16T20:49:15.974Z","92","4017","4374"
"45.161.170.69","elite","AS270021","AR","Coop Serv Publicos Y Sociales LA Tordilla Ltda","279","Cooperativa De Elect. Y De Serv. Publ. Miramar Ltda","4153","socks4","5100","1","2023-10-16T20:49:04.480Z","100","4385","4405"
"185.162.229.112","elite","AS209242","GB","Cloudflare London, LLC","11","Softconstruct Limited","80","socks4","4895","1","2023-10-16T20:49:04.481Z","100","4391","4392"
"206.192.226.90","elite","AS25899","US","LS Networks","196","LS Networks","39593","socks4","1607","1","2023-10-16T20:49:04.482Z","100","4454","4460"
"62.220.112.137","elite","AS42337","IR","Respina Networks & Beyond PJSC","194","Respina","5678","socks4","4703","1","2023-10-16T20:49:04.483Z","84","3715","4426"
"197.234.13.17","elite","AS36902","SC","Intelvision","174","Intelvision Ltd","4145","socks4","4595","1","2023-10-16T20:49:04.481Z","100","4342","4361"
"78.186.98.148","elite","AS9121","TR","TurkTelecom","93","N/A","1080","socks4","5002","1","2023-10-16T20:49:04.578Z","94","4036","4302"
"61.7.138.170","elite","AS131090","TH","CAT Telecom Public Company Limited","295","National Telecom Public Company Limited","5678","socks4","257","79","2023-10-16T20:48:53.075Z","88","3870","4378"
"139.162.182.54","elite","AS63949","DE","Akamai Technologies, Inc.","12","Linode, LLC","11127","socks5","1995","1","2023-10-16T20:48:53.076Z","98","4208","4313"
"46.214.153.223","elite","AS48161","RO","SC NextGen Communications SRL","60","SC NextGen Communications SRL","5678","socks4","4507","1","2023-10-16T20:48:53.076Z","100","4349","4364"
"103.116.174.125","elite","AS137363","ID","HIGEN","186","N/A","5678","socks4","4104","1","2023-10-16T20:48:52.990Z","100","4320","4340"
"49.0.42.114","elite","AS38744","BD","Always On Network Bangladesh Ltd.","200","Always On Network Bangladesh Ltd","10801","socks4","4806","1","2023-10-16T20:48:41.683Z","99","4307","4351"
"178.132.4.53","elite","AS49981","NL","WorldStream B.V.","12","Worldstream","443","socks4","5095","1","2023-10-16T20:48:41.680Z","100","4434","4456"
"190.109.72.17","elite","AS264231","BR","RG.COM - INFORMATICA & COMUNICACAO LTDA - ME","186","RG.COM - INFORMATICA & COMUNICACAO LTDA - ME","33633","socks4","4197","1","2023-10-16T20:48:30.589Z","98","4328","4401"
"45.196.151.236","elite","AS7018","US","AT&T Services, Inc.","90","AQUA Networks Limited","5432","socks4","4902","4","2023-10-16T20:48:30.588Z","98","4209","4289"
"51.91.21.129","elite","AS16276","FR","OVH SAS","6","OVH","29119","socks5","4902","1","2023-10-16T20:48:30.683Z","100","4387","4387"
"159.192.233.69","elite","AS131090","TH","CAT-BB","258","N/A","4145","socks5","5094","1","2023-10-16T20:48:30.590Z","77","3398","4396"
"143.255.179.129","elite","AS264641","CL","LanProject SPA","200","LanProject SPA","4153","socks4","2604","1","2023-10-16T20:48:30.587Z","99","4324","4351"
"185.67.100.105","elite","AS34636","IR","Laser Company Ltd","89","Laser IDC","4153","socks4","5101","1","2023-10-16T20:48:30.589Z","100","4355","4375"
"50.62.57.97","elite","AS398101","US","GoDaddy.com, LLC","139","GoDaddy.com, LLC","43879","socks4","4293","1","2023-10-16T20:48:19.488Z","100","4314","4316"
"114.7.30.3","elite","AS4761","ID","PT. INDOSAT Tbk","195","PT. INDOSAT Tbk","8080","socks4","4798","1","2023-10-16T20:48:19.483Z","9","404","4403"
"136.144.237.16","elite","AS20857","NL","TransIP BV","83","N/A","5836","socks4","4409","1","2023-10-16T20:48:19.489Z","100","4343","4357"
"117.54.12.7","elite","AS9340","ID","PT IndoInternet","179","N/A","5678","socks4","4886","1","2023-10-16T20:48:19.485Z","100","4404","4424"
"62.112.8.131","elite","AS49981","NL","WorldStream B.V.","11","Worldstream","30415","socks4","4792","1","2023-10-16T20:48:19.489Z","89","3890","4387"
"36.91.116.162","elite","AS7713","ID","PT Telekomunikasi Indonesia","187","Telekomunikasi Indonesia","5678","socks4","4892","82","2023-10-16T20:48:19.489Z","98","4322","4429"
"45.224.164.128","elite","AS267662","BR","Porto NET Eireli - EPP","205","Porto NET Eireli - EPP","5678","socks4","5091","1","2023-10-16T20:48:07.991Z","91","3995","4394"
"103.35.109.138","elite","AS23991","BD","Ranks ITT","157","Ranks ITT Ltd.","4145","socks4","3801","1","2023-10-16T20:48:07.990Z","100","4382","4403"
"61.177.74.118","elite","AS4134","CN","Chinanet","281","Changzhou JT Newcentury Corp","20001","socks5","4291","1","2023-10-16T20:48:07.988Z","85","3719","4378"
"104.255.170.89","elite","AS397373","US","H4Y Technologies LLC","157","H4Y Technologies LLC","51676","socks4","2004","1","2023-10-16T20:48:07.989Z","100","4464","4472"
"181.211.245.190","elite","AS28006","EC","Corporacion Nacional De Telecomunicaciones - CNT EP","188","Corporacion Nacional De Telecomunicaciones - CNT EP","5678","socks4","3410","1","2023-10-16T20:48:07.990Z","98","4366","4439"
"113.11.131.146","elite","AS9326","ID","CENTRIN","163","N/A","5678","socks4","704","2","2023-10-16T20:47:56.679Z","99","4367","4392"
"103.23.100.1","elite","AS58400","ID","Universitas Negeri Semarang, y","192","UNNES","4145","socks5","3492","1","2023-10-16T20:47:56.685Z","100","4366","4377"
"103.196.136.158","elite","AS134707","PH","Royal Cablevision Corp.","208","Royal Cablevision Corp","7497","socks5","613","1","2023-10-16T20:47:56.681Z","96","4231","4392"
"177.222.60.138","elite","AS27882","BO","Telefónica Celular de Bolivia S.A.","198","Telefónica Celular de Bolivia S.A","5678","socks4","5093","1","2023-10-16T20:47:56.684Z","100","4346","4364"
"83.143.24.29","elite","AS37678","BW","BOTSWANA FIBRE NETWORKS (Proprietary) Limited","199","Vbn Core","5678","socks4","5096","1","2023-10-16T20:47:56.680Z","98","4245","4321"
"190.61.61.70","elite","AS52468","CO","Ufinet Panama S.A.","142","UFINET COLOMBIA, S. A","5678","socks4","5005","1","2023-10-16T20:47:56.684Z","81","3620","4463"
"69.163.161.58","elite","AS26347","US","New Dream Network, LLC","187","New Dream Network, LLC","26347","socks4","4896","1","2023-10-16T20:47:45.579Z","100","4375","4378"
"34.120.118.219","elite","AS396982","US","Google LLC","2","Google Cloud","2061","socks5","3505","1","2023-10-16T20:47:45.580Z","100","4303","4303"
"116.118.98.9","elite","AS7602","VN","SPT","385","N/A","5678","socks4","5097","1","2023-10-16T20:47:45.579Z","96","4211","4405"
"88.135.42.126","elite","AS57391","IR","Laser Company Ltd","97","Laser IDC","4145","socks4","4401","1","2023-10-16T20:47:33.379Z","32","1378","4255"
"185.171.55.162","elite","AS44285","IR","Shahrad Network","92","N/A","4153","socks4","4714","1","2023-10-16T20:47:33.380Z","95","4211","4413"
"51.83.140.70","elite","AS16276","PL","OVH SAS","89","OVH Sp. z o. o","8181","socks5","3784","1","2023-10-16T20:47:33.377Z","100","4448","4451"
"144.202.21.190","elite","AS20473","US","The Constant Company","294","Vultr Holdings, LLC","10884","socks4","1788","1","2023-10-16T20:47:33.380Z","76","3256","4310"
"168.227.158.33","elite","AS52898","BR","Multipla Serviços Inteligentes","203","Multipla Serviços Inteligentes","4145","socks4","4911","1","2023-10-16T20:47:21.979Z","100","4418","4439"
"119.18.145.147","elite","AS45326","BD","BBTS Network","176","N/A","45326","socks5","5298","1","2023-10-16T20:47:21.982Z","100","4343","4363"
"192.12.113.247","elite","AS61942","BR","Turbonet Telecom Ltda","186","Turbonet Telecom Ltda","4145","socks4","3901","1","2023-10-16T20:47:21.982Z","39","1718","4405"
"44.190.9.50","elite","AS15102","CA","Corridor Communications, INC.","182","Amateur Radio Digital Communications","48100","socks4","5198","1","2023-10-16T20:47:21.983Z","99","4240","4267"
"182.253.159.142","elite","AS17451","ID","BIZNET","187","N/A","1080","socks4","4085","1","2023-10-16T20:47:21.980Z","96","4188","4346"
"5.202.120.214","elite","AS49100","IR","Pishgaman Toseeh Ertebatat Company (Private Joint Stock)","96","PTE","5678","socks5","3311","1","2023-10-16T20:47:10.787Z","36","1536","4306"
"211.144.20.13","elite","AS4808","CN","China Unicom Beijing Province Network","168","Bgtelecom","8080","socks4","4487","1","2023-10-16T20:47:10.786Z","87","3730","4302"
"103.58.74.2","elite","AS134204","BD","BUSINESSNETWORK","197","N/A","8080","socks4","4304","1","2023-10-16T20:47:10.785Z","97","4294","4426"
"203.28.9.107","elite","AS209242","CY","Cloudflare London, LLC","11","Lachtaristo Holdings Limited","80","socks5","4490","82","2023-10-16T20:47:10.783Z","100","4427","4428"
"35.180.201.66","elite","AS16509","FR","Amazon Technologies Inc.","2","AWS EC2 (eu-west-3)","3128","socks4","3703","1","2023-10-16T20:47:10.787Z","100","4423","4423"
"46.101.159.7","elite","AS14061","DE","DigitalOcean, LLC","30","Digital Ocean","31162","socks4","4100","1","2023-10-16T20:47:10.881Z","81","3543","4362"
"103.51.47.9","elite","AS133819","ID","CIM","220","N/A","4145","socks4","4008","1","2023-10-16T20:47:10.784Z","99","4341","4381"
"24.125.77.113","elite","AS7725","US","Comcast Cable Communications, LLC","106","Comcast Cable Communications Holdings, Inc","55539","socks4","5101","1","2023-10-16T20:47:10.786Z","97","4343","4466"
"145.239.81.129","elite","AS16276","PL","OVH SAS","32","OVH Sp. z o. o","8008","socks4","3996","1","2023-10-16T20:46:59.588Z","100","4379","4379"
"54.38.81.12","elite","AS16276","FR","OVH SAS","72","OVH","46553","socks4","4400","79","2023-10-16T20:46:59.587Z","56","2417","4354"
"183.88.214.58","elite","AS45629","TH","Triple T Broadband Public Company Limited","199","Triple T Broadband Public Company Limited","5678","socks4","4899","1","2023-10-16T20:46:59.492Z","82","3613","4412"
"74.95.1.114","elite","AS33651","US","Comcast Cable Communications","198","Budget INN SAN Leandro","33108","socks4","4591","2","2023-10-16T20:46:59.491Z","99","4309","4366"
"104.16.241.204","elite","AS13335","US","Cloudflare, Inc.","2","Cloudflare, Inc.","80","socks5","5011","1","2023-10-16T20:46:48.075Z","100","4314","4315"
"177.131.29.214","elite","AS262378","BR","Compuservice Empreendimentos Ltda","297","Compuservice Empreendimentos Ltda","4153","socks4","4511","1","2023-10-16T20:46:48.078Z","99","4262","4309"
"43.129.210.41","elite","AS132203","HK","Aceville Pte.ltd","249","N/A","10809","socks5","4705","84","2023-10-16T20:46:48.077Z","99","4377","4408"
"49.12.225.148","elite","AS24940","DE","Hetzner Online GmbH","15","Hetzner","10001","socks4","3099","1","2023-10-16T20:46:48.076Z","85","3694","4328"
"27.72.145.184","elite","AS7552","VN","Newass2011xDSLHN","391","N/A","5678","socks4","5097","1","2023-10-16T20:46:48.076Z","99","4360","4392"
"134.236.30.92","elite","AS131090","TH","CAT-BB","296","N/A","5678","socks4","4506","1","2023-10-16T20:46:48.074Z","59","2584","4369"
"177.38.5.234","elite","AS52964","BR","FÁBIO MENDES DIAS LTDA ME","295","FÁBIO MENDES DIAS LTDA ME","4153","socks4","3702","1","2023-10-16T20:46:36.283Z","97","4182","4319"
"124.167.249.234","elite","AS4837","CN","CNC Group CHINA169 Shan1xi Province Network","283","N/A","4837","socks5","4697","1","2023-10-16T20:46:24.482Z","85","3775","4436"
"185.92.222.127","elite","AS20473","NL","The Constant Company, LLC","11","Vultr Holdings LLC Amsterdam","9100","socks5","4796","82","2023-10-16T20:46:24.482Z","100","4422","4423"
"150.107.207.137","elite","AS58504","NP","Techminds Network Pvt. Ltd","230","N/A","57230","socks4","5095","1","2023-10-16T20:46:24.484Z","98","4338","4421"
"69.163.252.140","elite","AS26347","US","New Dream Network, LLC","204","New Dream Network, LLC","10754","socks4","5196","1","2023-10-16T20:46:24.484Z","100","4417","4419"
"43.154.49.67","elite","AS132203","HK","Shenzhen Tencent Computer Systems Company Limited","284","Tencent Cloud Computing","9999","socks5","4997","1","2023-10-16T20:46:24.483Z","99","4252","4281"
"47.243.95.228","elite","AS45102","HK","Alibaba (US) Technology Co., Ltd.","246","Alibaba.com LLC","10080","socks5","5004","79","2023-10-16T20:46:12.894Z","99","4246","4286"
"103.207.98.82","elite","AS134643","ID","JKSNET","201","N/A","41238","socks4","4805","1","2023-10-16T20:46:12.895Z","98","4305","4388"
"43.153.52.178","elite","AS132203","US","Shenzhen Tencent Computer Systems Company Limited","196","Tencent Cloud Computing","443","socks5","3193","1","2023-10-16T20:46:12.976Z","62","2722","4398"
"217.150.40.189","elite","AS20485","RU","TRANS-TELECOM","73","N/A","3128","socks4","1507","1","2023-10-16T20:46:12.976Z","99","4303","4347"
"190.0.22.38","elite","AS13489","CO","EPM Telecomunicaciones S.A. E.S.P.","153","EPM Telecomunicaciones S.A. E.S.P","61155","socks4","4409","1","2023-10-16T20:46:01.487Z","99","4378","4418"
"103.59.190.2","elite","AS58678","IN","Flash Broadband Pvt Ltd","200","Flash Broadband Pvt Ltd","56252","socks4","4906","79","2023-10-16T20:46:01.489Z","99","4325","4356"
"186.46.166.50","elite","AS28006","EC","Corporacion Nacional De Telecomunicaciones - CNT EP","193","Corporacion Nacional De Telecomunicaciones - CNT EP","5678","socks4","5002","2","2023-10-16T20:46:01.490Z","95","4144","4367"
"187.94.211.15","elite","AS53078","BR","Acesse Comunicação Ltda","184","Acesse Comunicação Ltda","2580","socks5","4802","1","2023-10-16T20:45:50.485Z","91","3968","4362"
"203.32.121.157","elite","AS209242","VG","Cloudflare London, LLC","98","Anaga Consulting Limited","80","socks4","4698","2","2023-10-16T20:45:50.483Z","100","4387","4388"
"103.66.232.5","elite","AS134014","IN","NET 4 U SERVICES","199","N/A","4145","socks4","4897","1","2023-10-16T20:45:50.484Z","99","4309","4353"
"186.251.254.253","elite","AS267513","BR","Seanet Telecom Carazinho Eireli","212","Seanet Telecom Carazinho Eireli","31337","socks4","4907","1","2023-10-16T20:45:50.485Z","100","4382","4395"
"134.119.221.137","elite","AS29066","FR","Host Europe GmbH","10","Bogdan Gribov","14126","socks5","4103","1","2023-10-16T20:45:39.188Z","100","4347","4354"
"119.81.194.52","elite","AS36351","SG","SoftLayer","168","Long Tech Network Limited","12315","socks4","443","1","2023-10-16T20:45:39.092Z","100","4349","4350"
"139.162.100.214","elite","AS63949","JP","Akamai Technologies, Inc.","300","Linode, LLC","18199","socks4","4095","1","2023-10-16T20:45:39.095Z","99","4278","4330"
"170.81.141.49","elite","AS28418","MX","Nueva RED Internet De Mexico S De RL De CV","197","Nueva RED Internet De Mexico S De RL De CV","61437","socks4","4597","1","2023-10-16T20:45:39.094Z","99","4313","4353"
"202.40.188.201","elite","AS23991","BD","Ranks ITT","163","Ranks ITT Ltd.","4145","socks4","5004","1","2023-10-16T20:45:27.587Z","100","4426","4445"
"177.38.244.1","elite","AS52974","BR","Henet Telecomunicacoes Ltda","283","Lourivaldo Freitas Santos","5678","socks4","3613","1","2023-10-16T20:45:27.590Z","100","4326","4343"
"223.155.121.75","elite","AS4134","CN","Chinanet","286","Chinanet HN","3128","socks4","4886","2","2023-10-16T20:45:27.589Z","82","3643","4425"
"202.159.30.153","elite","AS9340","ID","PT IndoInternet","186","N/A","443","socks4","5091","1","2023-10-16T20:45:27.586Z","100","4337","4356"
"148.72.210.73","elite","AS26496","SG","GoDaddy.com, LLC","244","GoDaddy.com, LLC","23202","socks5","4788","1","2023-10-16T20:45:16.182Z","100","4339","4352"
"105.234.156.108","elite","AS37440","MW","Airtel Malawi","209","N/A","4145","socks4","4699","1","2023-10-16T20:45:16.182Z","94","4073","4314"
"15.235.141.35","elite","AS16276","SG","OVH SAS","193","OVH Singapore PTE. LTD","51921","socks4","4704","1","2023-10-16T20:45:16.185Z","92","3937","4281"
"162.241.114.39","elite","AS19871","US","Network Solutions, LLC","95","Unified Layer","10249","socks4","4714","1","2023-10-16T20:45:16.277Z","96","4149","4310"
"185.169.181.19","elite","AS34984","TR","Ates Dc","58","Ibrahim MALA trading as Ates Dc","4145","socks4","5001","2","2023-10-16T20:45:16.182Z","100","4403","4403"
"69.163.162.253","elite","AS26347","US","New Dream Network, LLC","183","New Dream Network, LLC","20676","socks5","4505","1","2023-10-16T20:45:16.186Z","100","4345","4349"
"110.77.232.172","elite","AS131090","TH","CAT Telecom Public Company Limited","294","CAT BBviaOnnet","4145","socks4","4491","1","2023-10-16T20:45:16.186Z","87","3840","4407"
"179.107.61.23","elite","AS262346","BR","FP Telecomunicacoes Ltda","212","FP Telecomunicacoes Ltda","4145","socks4","4896","1","2023-10-16T20:45:03.790Z","79","3403","4281"
"222.129.37.88","elite","AS4808","CN","China Unicom Beijing Province Network","162","N/A","57114","socks4","4901","1","2023-10-16T20:45:03.792Z","55","2369","4293"
"216.105.130.33","elite","AS20081","US","NET2ATLANTA.COM LLC","102","NET2ATLANTA.COM LLC","39593","socks4","2005","80","2023-10-16T20:45:03.792Z","100","4449","4458"
"37.186.125.202","elite","AS49800","AM","GNC-Alfa CJSC","73","GNC","5678","socks4","4788","78","2023-10-16T20:45:03.790Z","100","4389","4401"
"115.159.56.148","elite","AS45090","CN","Shenzhen Tencent Computer Systems Company Limited","202","Tencent cloud computing (Beijing) Co., Ltd.","2080","socks4","5192","1","2023-10-16T20:45:03.792Z","85","3650","4291"
"218.1.142.144","elite","AS4812","CN","China Telecom","189","N/A","57114","socks4","5002","2","2023-10-16T20:44:52.581Z","23","1027","4376"
"175.6.140.135","elite","AS63835","CN","No.293, Wanbao Avenue","283","Chinanet HN","38801","socks5","4597","1","2023-10-16T20:44:52.584Z","83","3677","4420"
"36.90.61.224","elite","AS7713","ID","PT. Telekomunikasi Indonesia","284","Telekomunikasi Indonesia","4145","socks4","4783","1","2023-10-16T20:44:52.583Z","63","2767","4383"
"103.137.108.86","elite","AS138023","BD","Creation Online","195","Creation Online","5678","socks5","4711","1","2023-10-16T20:44:41.089Z","87","3818","4403"
"101.51.104.182","elite","AS23969","TH","TOT Public Company Limited","153","TOT Public Company Limited","4145","socks4","3117","1","2023-10-16T20:44:41.176Z","55","2344","4232"
"64.90.52.19","elite","AS26347","US","New Dream Network, LLC","151","New Dream Network, LLC","55552","socks4","4713","1","2023-10-16T20:44:41.175Z","100","4380","4383"
"51.91.20.19","elite","AS16276","FR","OVH SAS","6","OVH","21907","socks5","5095","1","2023-10-16T20:44:41.189Z","100","4331","4331"
"43.153.90.161","elite","AS132203","US","Shenzhen Tencent Computer Systems Company Limited","153","Tencent Cloud Computing","443","socks4","4885","1","2023-10-16T20:44:41.177Z","83","3600","4334"
"110.78.148.87","elite","AS131090","TH","CAT-BB","264","N/A","4145","socks4","117","1","2023-10-16T20:44:41.090Z","74","3254","4376"
"51.255.219.244","elite","AS16276","FR","OVH SAS","89","berdin stephane","7497","socks5","4898","1","2023-10-16T20:44:41.189Z","100","4378","4381"
"112.215.33.114","elite","AS17885","ID","XL-AXIATA Tbk GSM","191","N/A","3629","socks4","5092","1","2023-10-16T20:44:30.176Z","98","4262","4354"
"189.201.191.17","elite","AS28438","MX","ATC HOLDING FIBRA MEXICO, S. DE R.L. DE C.V.","193","ATC HOLDING FIBRA MEXICO, S. DE R.L. DE C.V","4145","socks4","4515","80","2023-10-16T20:44:30.095Z","99","4373","4406"
"87.250.109.174","elite","AS35567","BA","DASTO Semtel doo","52","N/A","8080","socks4","5103","1","2023-10-16T20:44:30.185Z","99","4277","4332"
"185.22.31.227","elite","AS50810","IR","Mobin Net Communication Company (Private Joint Stock)","140","Mobin Net Communication Company (Private Joint Stock)","4153","socks4","3906","1","2023-10-16T20:44:30.175Z","98","4379","4446"
"164.163.32.3","elite","AS265958","BR","Real Telecom Eireli ME - ME","197","Real Telecom Eireli ME - ME","7497","socks5","4802","1","2023-10-16T20:44:30.177Z","96","4233","4409"
"95.38.78.133","elite","AS41881","IR","Fanava Group","193","Fanava Group","5678","socks4","5101","1","2023-10-16T20:44:30.174Z","70","3007","4324"
"176.123.56.58","elite","AS50396","RU","LLC Format-center","97","LLC Format-center","3629","socks4","4816","1","2023-10-16T20:44:30.176Z","99","4407","4444"
"202.50.202.65","elite","AS55696","ID","PT Starcom Solusindo","199","N/A","48617","socks4","5010","1","2023-10-16T20:44:18.689Z","99","4255","4280"
"45.8.104.168","elite","AS209242","DE","Cloudflare London, LLC","79","Araxio Development N.V","80","socks4","3811","1","2023-10-16T20:44:18.774Z","100","4373","4373"
"139.162.132.243","elite","AS63949","DE","Akamai Technologies, Inc.","11","Linode, LLC","59387","socks4","2802","1","2023-10-16T20:44:18.879Z","85","3724","4379"
"143.92.56.162","elite","AS64050","HK","CTG Server Ltd","249","CTG Server Ltd.","39500","socks4","4302","1","2023-10-16T20:44:18.687Z","40","1694","4287"
"88.135.44.219","elite","AS57391","IR","Laser Company Ltd","99","Laser Company Ltd","4153","socks4","4599","1","2023-10-16T20:44:07.288Z","87","3749","4298"
"45.12.31.140","elite","AS209242","GB","Cloudflare London, LLC","84","LIR Services","80","socks4","1613","1","2023-10-16T20:44:07.278Z","100","4349","4349"
"143.137.99.202","elite","AS265693","CO","Caldas Data Company LTDA","182","Caldas Data Company LTDA","5678","socks4","4595","1","2023-10-16T20:44:07.277Z","99","4395","4426"
"180.94.64.58","elite","AS55330","AF","Cafe-AFGHANTELECOM","135","N/A","5678","socks4","399","1","2023-10-16T20:44:07.275Z","99","4301","4346"
"203.192.199.238","elite","AS17665","IN","Entire In2Cable","169","Indusind Media And Communication Ltd.","5678","socks4","1895","1","2023-10-16T20:44:07.190Z","98","4369","4441"
"202.107.74.24","elite","AS4837","CN","CNC Group CHINA169 Liaoning Province Network","195","N/A","7312","socks5","2888","80","2023-10-16T20:44:07.189Z","82","3634","4431"
"14.207.24.72","elite","AS45629","TH","Triple T Broadband Public Company Limited","207","Triple T Broadband Public Company Limited","8080","socks5","4792","1","2023-10-16T20:44:07.276Z","89","3885","4359"
"69.163.160.197","elite","AS26347","US","New Dream Network, LLC","152","New Dream Network, LLC","1645","socks4","5104","1","2023-10-16T20:43:56.077Z","100","4406","4407"
"51.195.209.238","elite","AS16276","GB","OVH SAS","80","Canya Eric","1080","socks5","4715","1","2023-10-16T20:43:56.078Z","91","4000","4411"
"43.134.204.249","elite","AS132203","HK","Shenzhen Tencent Computer Systems Company Limited","281","Tencent Cloud Computing","33126","socks4","1525","1","2023-10-16T20:43:56.077Z","98","4293","4383"
"62.122.205.135","elite","AS49125","UA","Uteam LTD","42","Uteam LTD","3629","socks4","4697","83","2023-10-16T20:43:56.075Z","67","2953","4425"
"193.56.118.1","elite","AS200370","IR","Farzanegan Pars Communications Company PJS","98","Farzanegan Pars Communications Company PJS","1080","socks4","4512","1","2023-10-16T20:43:56.079Z","99","4294","4336"
"47.98.151.6","elite","AS37963","CN","Hangzhou Alibaba Advertising Co","234","Aliyun Computing Co., LTD","16144","socks5","4011","1","2023-10-16T20:43:55.991Z","85","3714","4367"
"41.60.232.18","elite","AS30844","KE","Maintainer Liquid Telecommunications Operations Limited","177","Liquid Telecommunications Operations Limited","5678","socks4","4707","1","2023-10-16T20:43:44.688Z","83","3701","4442"
"98.111.251.101","elite","AS701","US","Verizon Business","89","Verizon Business","1585","socks4","4601","1","2023-10-16T20:43:44.692Z","98","4227","4297"
"112.250.211.161","elite","AS4837","CN","China Unicom CHINA169 Shandong Province Network","179","N/A","38801","socks4","4104","1","2023-10-16T20:43:44.686Z","84","3617","4281"
"179.191.23.38","elite","AS52565","BR","Edgar Rodrigues Romao Filho ME","159","Edgar Rodrigues Romao Filho ME","5678","socks4","5012","1","2023-10-16T20:43:33.277Z","100","4333","4354"
"94.74.121.234","elite","AS136907","HK","Huawei International Pte. LTD","304","N/A","1080","socks5","3101","1","2023-10-16T20:43:33.276Z","19","832","4393"
"103.10.97.154","elite","AS18103","ID","Neuviz","174","N/A","4153","socks4","1988","1","2023-10-16T20:43:33.276Z","97","4141","4283"
"103.89.62.21","elite","AS58972","IN","Bhomika Network PVT LTD","189","Bhomika Network Pvt Ltd","4153","socks4","4904","1","2023-10-16T20:43:33.278Z","99","4378","4410"
"58.21.70.44","elite","AS4837","CN","CNC Group CHINA169 Jilin Province Network","288","N/A","44844","socks4","1588","1","2023-10-16T20:43:21.988Z","63","2734","4350"
"172.67.209.12","elite","AS13335","CA","Cloudflare, Inc.","9","Cloudflare, Inc.","80","socks5","5099","1","2023-10-16T20:43:10.586Z","100","4307","4307"
"185.2.100.85","elite","AS51167","DE","Contabo GmbH","41","Contabo GmbH","40826","socks4","3189","1","2023-10-16T20:43:10.684Z","100","4330","4332"
"190.15.247.231","elite","AS27881","AR","Ipnext S.A.","285","Ipnext S.A","5678","socks4","4698","1","2023-10-16T20:43:10.590Z","43","1890","4395"
"172.67.181.234","elite","AS13335","CA","Cloudflare, Inc.","2","Cloudflare, Inc.","80","socks4","5188","1","2023-10-16T20:43:10.587Z","100","4302","4303"
"202.159.30.81","elite","AS9340","ID","PT IndoInternet","172","N/A","443","socks4","3695","1","2023-10-16T20:43:10.589Z","100","4253","4274"
"61.173.8.108","elite","AS4812","CN","China Telecom (Group)","189","Chinanet SH","4145","socks4","5004","1","2023-10-16T20:43:10.590Z","16","688","4420"
"185.123.235.77","elite","AS49924","IT","ECROM-MAIN","83","N/A","5678","socks4","985","1","2023-10-16T20:43:10.684Z","36","1581","4378"
"94.130.179.24","elite","AS24940","DE","Hetzner Online GmbH","15","Hetzner","8040","socks4","4001","1","2023-10-16T20:43:10.685Z","96","4143","4321"
"139.162.196.67","elite","AS63949","GB","LINODE-UK","9","Linode, LLC","60586","socks5","5007","1","2023-10-16T20:42:59.787Z","77","3341","4348"
"186.126.120.130","elite","AS7303","AR","Telecom Argentina S.A.","1188","Telecom Personal Bs","1080","socks5","4202","1","2023-10-16T20:42:59.776Z","35","1547","4436"
"114.99.14.184","elite","AS4134","CN","Chinanet","192","Chinanet AH","8004","socks5","4708","1","2023-10-16T20:42:59.776Z","54","2370","4401"
"69.163.165.180","elite","AS26347","US","New Dream Network, LLC","188","New Dream Network, LLC","41610","socks5","3909","1","2023-10-16T20:42:59.695Z","100","4400","4405"
"178.253.201.11","elite","AS9125","RS","Orion Telekom ISP IP Network","85","N/A","9125","socks4","4606","2","2023-10-16T20:42:59.775Z","100","4372","4392"
"195.154.49.91","elite","AS12876","FR","Online SAS","0","N/A","10423","socks5","5106","1","2023-10-16T20:42:59.786Z","100","4468","4468"
"91.230.138.11","elite","AS51200","RU","IPUnnumbered","76","N/A","4145","socks4","4301","82","2023-10-16T20:42:59.693Z","99","4388","4413"
"138.36.199.14","elite","AS264586","BR","Speed Telecomunicacoes","189","Speed Telecomunicacoes","4153","socks4","4503","1","2023-10-16T20:42:48.789Z","99","4379","4442"
"218.1.200.202","elite","AS4812","CN","China Telecom","203","N/A","57114","socks5","5111","1","2023-10-16T20:42:48.793Z","47","2017","4328"
"103.84.178.193","elite","AS136279","IN","Glo Internet Services Pvt Ltd","153","Glo  Pvt Ltd","4153","socks4","5088","1","2023-10-16T20:42:48.789Z","100","4252","4266"
"46.98.247.92","elite","AS15377","UA","ISP \"Fregat\"","97","ISP \"Fregat\" Ltd","1080","socks4","4111","1","2023-10-16T20:42:48.792Z","99","4304","4355"
"103.60.138.65","elite","AS134016","IN","Velocity Internet India Private Ltd","192","Velocity Internet India Private Ltd","4153","socks4","4294","1","2023-10-16T20:42:48.792Z","99","4403","4445"
"103.79.96.189","elite","AS64308","ID","PT IndoDev Niaga Internet","186","PT IndoDev Niaga Internet","4153","socks4","410","1","2023-10-16T20:42:36.779Z","100","4400","4408"
"150.158.135.201","elite","AS45090","CN","Shenzhen Tencent Computer Systems Company Limited","185","Tencent Cloud Computing (Beijing) Co., Ltd","24289","socks5","4996","1","2023-10-16T20:42:36.689Z","74","3238","4388"
"175.101.15.41","elite","AS17754","IN","ExcellMedia Pvt Ltd","156","Excell Media Pvt Ltd","4153","socks4","2215","1","2023-10-16T20:42:36.690Z","99","4291","4315"
"177.73.248.26","elite","AS262558","BR","Prompt Brasil Solucoes EM TI Ltda","195","Prompt Brasil Solucoes EM TI Ltda","55290","socks4","4997","1","2023-10-16T20:42:36.778Z","59","2530","4294"
"31.172.189.205","elite","AS31242","PL","Fibertech Networks Sp. z o.o","39","Fibertech Networks Sp. z o.o.","1080","socks4","4704","1","2023-10-16T20:42:36.791Z","100","4303","4309"
"190.103.29.101","elite","AS264628","VE","CORPORACION FIBEX TELECOM, C.A.","187","N/A","4145","socks4","4899","1","2023-10-16T20:42:36.688Z","97","4322","4440"
"128.199.214.87","elite","AS14061","SG","DigitalOcean, LLC","166","DigitalOcean, LLC","3128","socks5","5013","2","2023-10-16T20:42:36.689Z","47","2025","4321"
"58.48.122.170","elite","AS4134","CN","Chinanet","239","Chinanet HB","7302","socks5","4992","1","2023-10-16T20:42:36.779Z","85","3744","4414"
"103.245.205.142","elite","AS9441","BD","Next Online Limited","161","Nextonline Limited","35158","socks4","804","1","2023-10-16T20:42:25.485Z","98","4184","4277"
"84.238.244.85","elite","AS47402","BG","Multimedia","84","Multimedia BG EOOD","4145","socks4","5084","1","2023-10-16T20:42:25.488Z","99","4331","4375"
"89.111.133.217","elite","AS48287","RU","JSC \"RU-CENTER\"","95","Center Network","9151","socks5","4800","1","2023-10-16T20:42:25.488Z","100","4393","4397"
"168.138.162.66","elite","AS31898","SG","Oracle Corporation","327","Oracle Public Cloud","1080","socks4","5097","2","2023-10-16T20:42:25.487Z","70","3000","4281"
"69.63.73.234","elite","AS19711","SZ","Swaziland Posts & Telecommunications Corp.","199","Eswatini PTC - corporate","5678","socks4","4497","1","2023-10-16T20:42:14.188Z","98","4332","4402"
"85.208.252.138","elite","AS212036","IR","Parsway Shomal Company Ltd","110","RasaAbrPardazeshIranian GeevCloud","9050","socks4","2289","1","2023-10-16T20:42:14.186Z","69","3033","4403"
"31.210.225.135","elite","AS42666","ES","Embou Clientes","479","N/A","4153","socks4","5001","1","2023-10-16T20:42:14.187Z","83","3570","4304"
"155.138.238.14","elite","AS20473","US","The Constant Company","93","Vultr Holdings, LLC","808","socks5","4797","1","2023-10-16T20:42:14.189Z","100","4394","4401"
"182.53.129.81","elite","AS23969","TH","TOT Public Company Limited","198","TOT Public Company Limited","5678","socks4","4199","1","2023-10-16T20:42:02.894Z","44","1888","4268"
"213.149.103.133","elite","AS8585","ME","Crnogorski Telekom a.d.Podgorica","40","T ComServeri","61859","socks5","4813","1","2023-10-16T20:42:02.984Z","100","4392","4401"
"103.192.76.36","elite","AS55915","NP","Classic Tech Pvt. Ltd.","195","Classic Support Pvt. Ltd","5678","socks4","4695","1","2023-10-16T20:42:02.893Z","95","4238","4445"
"94.20.21.7","elite","AS29049","AZ","Delta Telecom","88","N/A","4153","socks4","4693","1","2023-10-16T20:42:02.894Z","100","4354","4369"
"103.66.233.141","elite","AS134014","IN","NET 4 U SERVICES","144","N/A","4145","socks4","5796","1","2023-10-16T20:42:02.894Z","75","3277","4351"
"103.83.178.205","elite","AS136065","ID","PT SOLUSI TRIMEGAH PERSADA","191","PT SOLUSI TRIMEGAH PERSADA","2016","socks4","2714","1","2023-10-16T20:41:51.491Z","99","4290","4352"
"103.79.96.165","elite","AS64308","ID","PT IndoDev Niaga Internet","194","PT IndoDev Niaga Internet","4153","socks4","5096","1","2023-10-16T20:41:51.487Z","100","4391","4400"
"38.127.179.140","elite","AS174","US","Cogent Communications","78","Torlandia Trading SRL","11537","socks4","4000","1","2023-10-16T20:41:51.490Z","100","4304","4310"
"103.70.159.154","elite","AS133720","IN","speednet","189","N/A","5678","socks4","3605","2","2023-10-16T20:41:51.488Z","99","4366","4410"
"5.9.141.151","elite","AS24940","DE","Hetzner Online GmbH","91","Hetzner","30000","socks4","794","1","2023-10-16T20:41:51.490Z","100","4362","4362"
"38.127.179.26","elite","AS174","US","Cogent Communications","79","Torlandia Trading SRL","42908","socks4","5000","1","2023-10-16T20:41:51.586Z","100","4365","4373"
"43.134.167.51","elite","AS132203","SG","Aceville Pte.ltd","314","N/A","443","socks5","4897","1","2023-10-16T20:41:40.285Z","76","3337","4417"
"159.192.253.92","elite","AS131090","TH","CAT-BB","291","N/A","4145","socks4","4912","1","2023-10-16T20:41:40.288Z","76","3269","4293"
"117.54.201.93","elite","AS9340","ID","PT IndoInternet","197","N/A","5678","socks4","4615","1","2023-10-16T20:41:40.284Z","99","4292","4345"
"192.3.54.198","elite","AS36352","US","ColoCrossing","98","RackNerd LLC","3128","socks4","2218","1","2023-10-16T20:41:40.378Z","100","4465","4465"
"79.127.127.7","elite","AS43754","IR","Asiatech Data Transmission company","96","Asiatech Data Transmission company","1369","socks4","5000","1","2023-10-16T20:41:29.074Z","92","4079","4410"
"103.213.245.105","elite","AS18254","HK","Klayer LLC","203","N/A","4003","socks5","5093","2","2023-10-16T20:41:28.982Z","92","3969","4317"
"91.210.98.61","elite","AS50712","RU","Kavkaz Internet Service Ltd.","75","Kavkaz Internet Service Ltd.","4145","socks4","4412","1","2023-10-16T20:41:28.994Z","99","4324","4362"
"45.172.108.53","elite","AS265741","AR","GPS SANJUAN SRL.","283","N/A","9991","socks4","5090","1","2023-10-16T20:41:28.981Z","91","3916","4327"
"103.130.113.129","elite","AS138336","BD","The Potato","199","N/A","5678","socks4","4806","1","2023-10-16T20:41:28.980Z","83","3626","4369"
"186.233.160.4","elite","AS53050","BR","Super Cabo TV Caratinga Ltda","285","Super Cabo TV Caratinga Ltda","5678","socks4","4899","1","2023-10-16T20:41:17.490Z","41","1790","4314"
"185.39.71.197","elite","AS62332","ES","Telplay","81","Telplay SL","46610","socks4","3901","1","2023-10-16T20:41:17.488Z","89","3864","4326"
"197.234.13.66","elite","AS36902","SC","Intelvision","166","Intelvision Ltd","4145","socks4","2211","1","2023-10-16T20:41:17.487Z","100","4326","4343"
"131.221.64.152","elite","AS265798","AR","Level Seven SRL","286","Level Seven SRL","2350","socks4","1201","1","2023-10-16T20:41:17.491Z","90","3776","4206"
"185.16.12.137","elite","AS35567","BA","DASTO Semtel doo","182","N/A","5678","socks4","4984","1","2023-10-16T20:41:17.488Z","99","4368","4423"
"186.251.255.149","elite","AS267513","BR","Seanet Telecom Carazinho Eireli","214","Seanet Telecom Carazinho Eireli","31337","socks4","3109","1","2023-10-16T20:41:06.581Z","99","4321","4351"
"203.24.109.80","elite","AS209242","BZ","Cloudflare London, LLC","84","Umpire Associates LTD","80","socks5","4811","2","2023-10-16T20:41:06.581Z","100","4340","4340"
"114.234.80.209","elite","AS4134","CN","Chinanet","191","Chinanet JS","5678","socks4","4989","1","2023-10-16T20:41:06.578Z","69","3081","4448"
"136.244.89.35","elite","AS20473","DE","The Constant Company","10","Vultr Holdings, LLC","10487","socks4","4693","1","2023-10-16T20:41:06.580Z","39","1725","4394"
"113.110.23.229","elite","AS4134","CN","Chinanet","279","Chinanet GD","44844","socks4","4996","1","2023-10-16T20:41:06.582Z","39","1716","4393"
"188.214.129.3","elite","AS16125","LT","UAB Cherry Servers","40","N/A","4048","socks5","1995","1","2023-10-16T20:41:06.580Z","84","3613","4278"
"157.245.59.71","elite","AS14061","SG","DigitalOcean, LLC","181","DigitalOcean, LLC","42765","socks4","2699","1","2023-10-16T20:40:55.291Z","100","4394","4395"
"155.0.202.254","elite","AS37532","ZM","Zambia Research and Education Network","300","Zambia Research and Education Network","51327","socks4","593","1","2023-10-16T20:40:55.289Z","89","3922","4405"
"194.36.98.231","elite","AS203020","PT","HostRoyale Technologies Pvt Ltd","31","In Hostroyale","80","socks4","856","1","2023-10-16T20:40:55.289Z","100","4359","4362"
"103.229.85.22","elite","AS133443","BD","Ashfakur Rahman Chowdhury t/a Comilla Online","190","N/A","4145","socks4","4495","1","2023-10-16T20:40:55.287Z","99","4385","4446"
"104.129.205.15","elite","AS22616","US","ZSCALER, INC.","94","Zscaler, Inc.","10289","socks5","4806","1","2023-10-16T20:40:55.290Z","94","4084","4355"
"45.196.151.73","elite","AS7018","US","AT&T Services, Inc.","87","AQUA Networks Limited","5432","socks4","207","1","2023-10-16T20:40:47.046Z","98","4280","4364"
"194.79.44.158","elite","AS49545","RU","StroyTelecom-Yug Ltd","71","StroyTelecom-Yug Ltd","3128","socks5","525","1","2023-10-16T20:40:46.268Z","100","4304","4311"
"36.92.36.42","elite","AS7713","ID","Telekomunikasi Indonesia","244","Temporary","4153","socks4","2502","83","2023-10-16T20:40:45.338Z","92","4046","4410"
"185.56.246.76","elite","AS41026","PL","KOPnet S.C. Marek Szczudlo Juliusz Kostrzewski","87","Kopnet","8291","socks4","2291","1","2023-10-16T20:40:45.036Z","99","4399","4452"
"116.26.10.19","elite","AS4134","CN","Chinanet","218","Chinanet GD","7891","socks4","5006","1","2023-10-16T20:40:44.085Z","46","2035","4426"
"125.161.141.186","elite","AS7713","ID","PT. TELKOM INDONESIA","185","N/A","80","socks5","4397","1","2023-10-16T20:40:44.085Z","87","3793","4344"
"178.252.199.46","elite","AS24689","RU","CJSC Rosintel","63","JSC \"Rosintel\"","4153","socks4","2208","1","2023-10-16T20:40:44.087Z","99","4346","4399"
"88.135.40.26","elite","AS57391","IR","Laser Company Ltd","98","Laser Company Ltd","4153","socks4","4606","82","2023-10-16T20:40:44.735Z","68","2948","4323"
"178.212.65.61","elite","AS47939","RU","TDV \"Teleradio company \"Yalta\"","84","Yaltatvnet","3629","socks4","64","1","2023-10-16T20:40:44.084Z","96","4195","4384"
"45.70.206.40","elite","AS267586","BR","Rafael Pierre Barbosa - Me","186","Rafael Pierre Barbosa - Me","4145","socks4","3919","1","2023-10-16T20:40:44.137Z","100","4396","4405"
"89.191.237.89","elite","AS12389","RU","PJSC Rostelecom","99","PJSC Rostelecom","5678","socks4","3801","1","2023-10-16T20:40:44.094Z","100","4346","4367"
"103.109.59.209","elite","AS138640","BD","Skynet Chowmuhani","186","N/A","1080","socks4","3898","1","2023-10-16T20:40:44.084Z","98","4329","4399"
"173.212.250.16","elite","AS51167","DE","Contabo GmbH","16","Contabo GmbH","37712","socks4","241","1","2023-10-16T20:40:44.710Z","100","4257","4258"
"78.137.58.119","elite","AS25133","UA","broadband","42","N/A","5678","socks4","3784","1","2023-10-16T20:40:44.142Z","75","3264","4341"
"178.212.48.84","elite","AS197025","PL","Lubuskie Sieci Swiatlowodowe Sp. z o. o.","88","Lubuskie Sieci Swiatlowodowe Sp. z o. o","1080","socks4","2989","1","2023-10-16T20:40:44.086Z","100","4439","4445"
"47.115.162.7","elite","AS37963","CN","Addresses CNNIC","290","Aliyun Computing Co., LTD","8060","socks5","3894","1","2023-10-16T20:40:44.141Z","81","3545","4391"
"171.232.74.46","elite","AS7552","VN","Viettel Corporation","349","VIETEL","4005","socks4","1391","1","2023-10-16T20:40:43.408Z","92","3983","4328"
"165.84.180.22","elite","AS10103","HK","Hong Kong Broadband Network Ltd","243","Hong Kong Broadband Network Ltd","56695","socks4","825","1","2023-10-16T20:40:43.405Z","97","4263","4378"
"36.67.136.27","elite","AS7713","ID","PT. Telekomunikasi Indonesia","186","N/A","5678","socks4","2200","1","2023-10-16T20:40:43.315Z","98","4270","4354"
"89.39.100.173","elite","AS8926","MD","Moldtelecom SA","96","JSC Moldtelecom S.A.","31041","socks5","4617","1","2023-10-16T20:40:43.435Z","100","4346","4358"
"177.223.224.17","elite","AS52559","BR","Novatec Telecom Ltda","199","Novatec Telecom Ltda","4153","socks4","4186","1","2023-10-16T20:40:42.937Z","99","4316","4345"
"167.71.208.252","elite","AS14061","SG","DigitalOcean, LLC","182","DigitalOcean, LLC","8080","socks4","3213","1","2023-10-16T20:40:42.646Z","73","3190","4360"
"80.26.55.178","elite","AS3352","ES","TDENET (Red de servicios IP)","98","N/A","3352","socks4","4812","1","2023-10-16T20:40:42.333Z","100","4333","4350"
"35.190.107.16","elite","AS15169","US","Google LLC","2","Google LLC","30000","socks4","4993","1","2023-10-16T20:40:41.546Z","100","4316","4316"
"179.60.243.38","elite","AS262215","CO","ITELKOM","184","ITELKOM","48699","socks4","4797","1","2023-10-16T20:40:40.445Z","100","4387","4405"
"139.59.249.213","elite","AS14061","SG","DigitalOcean, LLC","193","Digital Ocean","60432","socks5","5516","1","2023-10-16T20:40:40.248Z","83","3529","4257"
"89.237.34.193","elite","AS20485","RU","multi-origin SUTTK","85","N/A","51549","socks4","5000","1","2023-10-16T20:40:40.245Z","99","4365","4417"
"51.77.73.67","elite","AS16276","ES","OVH SAS","82","Sastre Vazquez Antonio","31979","socks4","4791","8","2023-10-16T20:40:40.442Z","100","4382","4388"
"27.156.212.86","elite","AS4134","CN","Chinanet","209","N/A","8004","socks4","4789","1","2023-10-16T20:40:39.434Z","10","408","4291"
"183.89.116.141","elite","AS45629","TH","Triple T Broadband Public Company Limited","188","Triple T Broadband Public Company Limited","4145","socks4","3095","1","2023-10-16T20:40:39.350Z","89","3931","4403"
"190.152.12.54","elite","AS28006","EC","Corporacion Nacional De Telecomunicaciones - CNT EP","187","Corporacion Nacional De Telecomunicaciones - CNT EP","47017","socks4","4391","1","2023-10-16T20:40:37.542Z","99","4335","4400"
"103.84.178.2","elite","AS136279","IN","Glo Internet Services Pvt Ltd","197","Glo  Pvt Ltd","4153","socks4","5005","1","2023-10-16T20:40:37.543Z","100","4347","4359"
"45.112.125.53","elite","AS58369","ID","FIBERNET","164","N/A","4145","socks4","1693","1","2023-10-16T20:40:37.540Z","99","4276","4323"
"70.60.230.8","elite","AS11426","US","Spectrum","97","Fastlink Communications Inc","34116","socks4","2606","1","2023-10-16T20:40:37.746Z","100","4398","4410"
"85.143.213.2","elite","AS201848","RU","Trader soft LLC","40","TIMES","9050","socks5","4309","1","2023-10-16T20:40:37.535Z","99","4319","4373"
"109.236.47.242","elite","AS35047","AL","Abissnet PPPoE","41","N/A","4145","socks4","2485","1","2023-10-16T20:40:37.749Z","99","4392","4418"
"104.131.94.90","elite","AS14061","US","DigitalOcean, LLC","82","Digital Ocean","51346","socks5","5011","1","2023-10-16T20:40:35.742Z","100","4231","4243"
"58.246.245.122","elite","AS17621","CN","CNC Group CHINA169 Shanghai Province Network","252","N/A","4153","socks4","4694","1","2023-10-16T20:40:35.739Z","86","3780","4392"
"31.204.28.136","elite","AS209372","US","SIA \"Singularity Telecom\"","92","Popov Andry Vasilievich","5432","socks5","5099","1","2023-10-16T20:40:35.240Z","100","4334","4345"
"223.25.98.82","elite","AS9341","ID","PT Indonesia Comnets Plus","209","Sinerginet","5678","socks4","4797","1","2023-10-16T20:40:33.947Z","87","3876","4462"
"173.230.147.173","elite","AS63949","US","Akamai Technologies, Inc.","145","Linode","19527","socks4","2020","1","2023-10-16T20:40:33.637Z","100","4423","4428"
"124.222.119.189","elite","AS45090","CN","China Internet Network Information Center","293","Tencent cloud computing (Beijing) Co., Ltd.","2080","socks5","4308","1","2023-10-16T20:40:33.945Z","62","2712","4358"
"109.73.191.101","elite","AS49924","IT","ECROM-MAIN","94","N/A","5678","socks4","4606","1","2023-10-16T20:40:33.950Z","75","3315","4410"
"202.124.43.249","elite","AS9902","KH","NeocomISP Limited","169","NeocomISP Limited","4145","socks4","4595","1","2023-10-16T20:40:33.638Z","99","4381","4412"
"23.228.98.157","elite","AS46573","US","LayerHost","186","LayerHost","80","socks5","4018","1","2023-10-16T20:40:32.781Z","61","2665","4383"
"103.79.96.202","elite","AS64308","ID","PT IndoDev Niaga Internet","190","PT IndoDev Niaga Internet","4153","socks4","4703","1","2023-10-16T20:40:32.782Z","100","4437","4443"
"138.197.138.160","elite","AS14061","CA","DigitalOcean, LLC","94","DigitalOcean, LLC","10181","socks5","4595","1","2023-10-16T20:40:32.784Z","100","4429","4431"
"64.26.95.14","elite","AS6189","US","Enoch-Pratt Free Library","91","Sailor","8080","socks4","4011","1","2023-10-16T20:40:32.779Z","100","4373","4375"
"110.185.102.103","elite","AS38283","CN","CHINANET SiChuan Telecom Internet Data Center","233","Chinanet SC","51800","socks4","4604","1","2023-10-16T20:40:30.433Z","80","3467","4348"
"210.213.90.26","elite","AS9299","PH","Philippine Long Distance Telephone Co.","197","Philippine Long Distance Telephone Co","8080","socks4","5408","1","2023-10-16T20:40:30.434Z","98","4274","4378"
"104.16.224.33","elite","AS13335","US","Cloudflare, Inc.","2","Cloudflare, Inc.","80","socks4","1214","1","2023-10-16T20:40:30.436Z","100","4440","4443"
"79.154.189.19","elite","AS3352","ES","RIMA (Red IP Multi Acceso)","27","N/A","8080","socks5","4198","1","2023-10-16T20:40:30.350Z","98","4220","4290"
"31.13.33.4","elite","AS8732","RU","JSC Comcor","53","Comcor","8080","socks5","4294","1","2023-10-16T20:40:30.438Z","100","4328","4332"
"43.157.32.230","elite","AS132203","DE","Aceville Pte.ltd","12","N/A","443","socks5","1098","1","2023-10-16T20:40:30.343Z","72","3121","4305"
"103.47.93.207","elite","AS134058","IN","Broban Internet Services Pvt.ltd","184","Broban  PVT Ltd.","1080","socks4","3994","1","2023-10-16T20:40:30.341Z","99","4255","4290"
"177.38.5.45","elite","AS52964","BR","FÁBIO MENDES DIAS LTDA ME","299","FÁBIO MENDES DIAS LTDA ME","4153","socks4","2203","1","2023-10-16T20:40:28.535Z","91","4005","4396"
"110.78.141.77","elite","AS131090","TH","CAT-BB","254","N/A","4145","socks4","5096","1","2023-10-16T20:40:26.147Z","69","3006","4341"
"110.42.246.153","elite","AS45090","CN","China Internet Network Information Center","199","Tencent cloud computing (Beijing) Co., Ltd.","2080","socks4","4392","1","2023-10-16T20:40:26.145Z","15","673","4408"
"51.195.40.191","elite","AS16276","DE","OVH SAS","88","OVH GmbH","8804","socks4","3695","1","2023-10-16T20:40:26.150Z","83","3612","4371"
"151.232.18.66","elite","AS58224","IR","Iran Telecommunication Company PJS","114","N/A","5678","socks4","4811","1","2023-10-16T20:40:26.144Z","90","3965","4428"
"212.83.136.242","elite","AS12876","FR","Online S.A.S.","90","ONLINE","5836","socks4","4806","1","2023-10-16T20:40:26.148Z","100","4384","4388"
"69.163.166.93","elite","AS26347","US","New Dream Network, LLC","185","New Dream Network, LLC","3838","socks5","4589","1","2023-10-16T20:40:26.141Z","100","4431","4434"
"103.47.95.81","elite","AS134058","IN","Broban Internet Services PVT Ltd.","190","Broban  PVT Ltd.","1080","socks4","3796","1","2023-10-16T20:40:23.937Z","99","4379","4403"
"45.76.182.145","elite","AS20473","SG","The Constant Company","166","Vultr Holdings, LLC","15560","socks4","5003","1","2023-10-16T20:40:23.847Z","99","4386","4421"
"61.247.180.182","elite","AS38031","BD","Optimax Communication Ltd.","199","OptiMax Communication Ltd","10800","socks4","2208","82","2023-10-16T20:40:23.935Z","99","4416","4441"
"134.119.190.185","elite","AS29066","FR","Host Europe GmbH","13","Bogdan Gribov","14182","socks5","2910","1","2023-10-16T20:40:21.476Z","100","4350","4353"
"186.211.6.137","elite","AS53156","BR","PortalSAT Telecom","189","eliziane oliveira sobrinho","4145","socks4","596","1","2023-10-16T20:40:21.391Z","99","4325","4388"
"47.242.155.132","elite","AS45102","HK","Alibaba.com LLC","300","Hong Kong","10900","socks4","4503","1","2023-10-16T20:40:21.394Z","100","4321","4331"
"47.243.207.3","elite","AS45102","HK","Alibaba (US) Technology Co., Ltd.","281","Alibaba.com LLC","33967","socks5","5092","82","2023-10-16T20:40:21.438Z","70","3033","4329"
"117.24.80.210","elite","AS4134","CN","Chinanet","288","Chinanet FJ","3829","socks4","4990","2","2023-10-16T20:40:21.436Z","56","2465","4386"
"36.89.135.207","elite","AS7713","ID","PT. Telekomunikasi Indonesia","283","Telekomunikasi Indonesia","5678","socks4","5084","2","2023-10-16T20:40:21.393Z","54","2364","4400"
"121.4.166.166","elite","AS45090","CN","China Internet Network Information Center","190","Tencent cloud computing (Beijing) Co., Ltd.","38080","socks5","4914","1","2023-10-16T20:40:21.392Z","85","3642","4308"
"64.25.54.2","elite","AS35977","US","Amdocs Inc.","131","Amdocs Inc","45160","socks4","589","1","2023-10-16T20:40:21.439Z","100","4347","4347"
"103.10.210.17","elite","AS45804","IN","Meghbela Broadband","276","Meghbela Cable & Broadband Services (P) Ltd","44550","socks4","892","1","2023-10-16T20:40:19.334Z","99","4399","4447"
"91.216.254.14","elite","AS212918","ES","Clicktel SL","57","Clicktel SL","55555","socks4","5096","1","2023-10-16T20:40:19.248Z","95","4147","4368"
"114.99.10.131","elite","AS4134","CN","Chinanet","285","Chinanet AH","8004","socks4","4894","1","2023-10-16T20:40:19.247Z","54","2354","4378"
"66.42.60.190","elite","AS20473","SG","Choopa","192","N/A","21358","socks5","5596","1","2023-10-16T20:40:19.337Z","88","3845","4372"
"114.231.243.232","elite","AS4134","CN","Chinanet","198","Chinanet JS","8908","socks4","5196","80","2023-10-16T20:40:19.251Z","50","2193","4366"
"203.30.189.103","elite","AS209242","BZ","Cloudflare London, LLC","89","Umpire Associates LTD","80","socks4","4492","1","2023-10-16T20:40:19.243Z","100","4312","4312"
"182.253.173.18","elite","AS17451","ID","Biznet Metronet","181","N/A","4153","socks4","4794","1","2023-10-16T20:40:17.036Z","95","4141","4345"
"173.245.49.27","elite","AS13335","FR","Cloudflare, Inc.","2","Cloudflare, Inc.","80","socks4","4805","1","2023-10-16T20:40:17.032Z","100","4354","4354"
"169.239.236.101","elite","AS327986","NG","Gutti Global Networks","140","Gutti Global Networks","10801","socks4","4502","1","2023-10-16T20:40:16.950Z","98","4332","4428"
"92.60.190.22","elite","AS41540","UA","Wnet Ukraine LLC","43","Unlimitedfiber","59816","socks4","210","1","2023-10-16T20:40:13.252Z","49","2188","4459"
"161.97.97.231","elite","AS51167","DE","Contabo GmbH","19","Contabo GmbH","10050","socks4","421","1","2023-10-16T20:40:13.739Z","98","4363","4432"
"110.34.166.181","elite","AS45652","SG","VPLS, Inc.","318","Vpls Sin1","4153","socks4","2697","1","2023-10-16T20:40:13.334Z","99","4306","4346"
"103.76.188.33","elite","AS135758","IN","Alacriy Net System Service Private Limited","182","Alacriy Net System Service Private Limited","4153","socks4","346","1","2023-10-16T20:40:13.339Z","99","4331","4362"
"14.63.1.108","elite","AS4766","KR","Korea Telecom","278","Kornet","4145","socks4","4918","1","2023-10-16T20:40:13.253Z","100","4315","4320"
"193.136.14.120","elite","AS1930","PT","Fundacao para a Ciencia e a Tecnologia, I.P.","61","N/A","80","socks4","1490","1","2023-10-16T20:40:10.538Z","94","4198","4483"
"193.106.57.96","elite","AS42510","UA","Magic Line","42","PE \"Magic-line\"","5678","socks4","3006","1","2023-10-16T20:40:10.549Z","92","4035","4409"
"37.187.144.55","elite","AS16276","FR","OVH SAS","6","OVH SAS","9050","socks4","4598","1","2023-10-16T20:40:10.733Z","100","4413","4413"
"203.23.104.167","elite","AS209242","CY","Cloudflare London, LLC","83","Lachtaristo Holdings Limited","80","socks5","4915","1","2023-10-16T20:40:10.544Z","100","4401","4401"
"104.21.6.88","elite","AS13335","CA","Cloudflare, Inc.","2","Cloudflare, Inc.","80","socks4","4401","1","2023-10-16T20:40:10.542Z","100","4292","4293"
"184.168.146.10","elite","AS26496","US","GoDaddy.com, LLC","196","GoDaddy.com, LLC","64426","socks4","5083","1","2023-10-16T20:40:10.545Z","95","4161","4368"
"116.58.224.33","elite","AS131090","TH","CAT-BB","285","N/A","8080","socks5","4498","82","2023-10-16T20:40:10.541Z","81","3507","4306"
"101.43.3.207","elite","AS45090","CN","Shenzhen Tencent Computer Systems Company Limited","204","Tencent Cloud Computing (Beijing) Co., Ltd","2080","socks4","3992","1","2023-10-16T20:40:09.192Z","66","2830","4311"
"177.36.185.182","elite","AS53062","BR","Ggnet Telecom Backbone","282","Ggnet Telecom Backbone","5678","socks4","4804","1","2023-10-16T20:40:09.193Z","99","4354","4408"
"165.227.112.138","elite","AS14061","US","DigitalOcean, LLC","100","DigitalOcean, LLC","1080","socks4","4492","1","2023-10-16T20:40:09.474Z","66","2855","4339"
"190.180.35.148","elite","AS25620","BO","Cotas Ltda.","205","Cablemodem-ip-dinamica - Generico IP Cmts HMC","5678","socks4","5194","1","2023-10-16T20:40:09.190Z","99","4358","4394"
"88.198.219.62","elite","AS24940","DE","Hetzner Online GmbH","22","Hetzner","80","socks4","4894","1","2023-10-16T20:40:09.192Z","100","4363","4369"
"222.129.33.169","elite","AS4808","CN","China Unicom Beijing Province Network","179","N/A","57114","socks4","4600","1","2023-10-16T20:40:09.193Z","84","3637","4355"
"110.78.141.219","elite","AS131090","TH","CAT-BB","280","N/A","4145","socks4","5087","1","2023-10-16T20:40:09.191Z","69","3038","4395"